{
    "rd_gene_1_1": {
        "pass_at_k": {
            "pass_1": 0.5975609756097561
        },
        "pass_at_k_plus": {
            "pass_1": 0.5426829268292683
        }
    }
}