{
    "rd_gene_2_1": {
        "pass_1": 285.6,
        "pass_2": 382.3777777777778,
        "pass_3": 436.9583333333333,
        "pass_4": 473.70000000000005,
        "pass_5": 501.04761904761904,
        "pass_6": 522.6,
        "pass_7": 540.225,
        "pass_8": 555.0444444444445,
        "pass_9": 567.8000000000001,
        "pass_10": 579.0
    },
    "imgep_smarte_2_1": {
        "pass_1": 287.1,
        "pass_2": 382.73333333333335,
        "pass_3": 436.1916666666667,
        "pass_4": 471.84285714285716,
        "pass_5": 498.1468253968254,
        "pass_6": 518.9142857142856,
        "pass_7": 536.05,
        "pass_8": 550.5777777777778,
        "pass_9": 563.1,
        "pass_10": 574.0
    },
    "elm_NLPe_2_1": {
        "pass_1": 331.40000000000003,
        "pass_2": 420.1333333333333,
        "pass_3": 468.6166666666667,
        "pass_4": 501.68095238095236,
        "pass_5": 526.6428571428571,
        "pass_6": 546.5380952380951,
        "pass_7": 562.9416666666667,
        "pass_8": 576.8000000000001,
        "pass_9": 588.7,
        "pass_10": 599.0
    },
    "rd_gene_1_1": {
        "pass_1": 249.70000000000002,
        "pass_2": 343.5777777777778,
        "pass_3": 396.8333333333333,
        "pass_4": 433.62380952380954,
        "pass_5": 461.80555555555554,
        "pass_6": 484.73333333333335,
        "pass_7": 504.12500000000006,
        "pass_8": 520.9555555555555,
        "pass_9": 535.8000000000001,
        "pass_10": 549.0
    },
    "elm_NLPe_3_1": {
        "pass_1": 349.09999999999997,
        "pass_2": 426.2444444444444,
        "pass_3": 465.8666666666666,
        "pass_4": 491.8285714285714,
        "pass_5": 510.8492063492063,
        "pass_6": 525.6571428571428,
        "pass_7": 537.5833333333333,
        "pass_8": 547.3555555555555,
        "pass_9": 555.4000000000001,
        "pass_10": 562.0
    },
    "imgep_smarte_3_1": {
        "pass_1": 303.5,
        "pass_2": 388.44444444444446,
        "pass_3": 435.72499999999997,
        "pass_4": 467.41904761904766,
        "pass_5": 490.8968253968254,
        "pass_6": 509.4952380952381,
        "pass_7": 524.875,
        "pass_8": 537.9333333333334,
        "pass_9": 549.2,
        "pass_10": 559.0
    },
    "imgep_smarte_1_1": {
        "pass_1": 260.90000000000003,
        "pass_2": 354.6666666666667,
        "pass_3": 409.5833333333333,
        "pass_4": 448.0571428571429,
        "pass_5": 477.3769841269841,
        "pass_6": 500.84761904761905,
        "pass_7": 520.2416666666667,
        "pass_8": 536.6222222222223,
        "pass_9": 550.7,
        "pass_10": 563.0
    },
    "elm_NLPe_1_1": {
        "pass_1": 275.6,
        "pass_2": 363.5111111111111,
        "pass_3": 414.4166666666667,
        "pass_4": 450.20000000000005,
        "pass_5": 477.66269841269843,
        "pass_6": 499.77619047619044,
        "pass_7": 518.1750000000001,
        "pass_8": 533.9111111111112,
        "pass_9": 547.7,
        "pass_10": 560.0
    },
    "rd_gene_3_1": {
        "pass_1": 314.3,
        "pass_2": 394.75555555555553,
        "pass_3": 436.91666666666663,
        "pass_4": 465.2714285714286,
        "pass_5": 486.5277777777778,
        "pass_6": 503.3666666666666,
        "pass_7": 517.175,
        "pass_8": 528.7555555555556,
        "pass_9": 538.6,
        "pass_10": 547.0
    },
    "deepseek-coder-1.3b-instruct_traine_3_1": {
        "pass_1": 313.1,
        "pass_2": 394.8,
        "pass_3": 437.9916666666667,
        "pass_4": 467.4666666666667,
        "pass_5": 490.04761904761904,
        "pass_6": 508.52857142857147,
        "pass_7": 524.3,
        "pass_8": 538.1555555555556,
        "pass_9": 550.6,
        "pass_10": 562.0
    },
    "deepseek-coder-1.3b-instruct_base": {
        "pass_1": 92.30000000000001,
        "pass_2": 142.57777777777775,
        "pass_3": 177.59999999999997,
        "pass_4": 204.56666666666666,
        "pass_5": 226.60317460317458,
        "pass_6": 245.2857142857143,
        "pass_7": 261.53333333333336,
        "pass_8": 275.9555555555555,
        "pass_9": 289.0,
        "pass_10": 301.0
    },
    "deepseek-coder-1.3b-instruct_traine_1_1": {
        "pass_1": 246.60000000000002,
        "pass_2": 343.73333333333335,
        "pass_3": 399.9583333333333,
        "pass_4": 439.02857142857147,
        "pass_5": 468.71031746031747,
        "pass_6": 492.447619047619,
        "pass_7": 512.1083333333333,
        "pass_8": 528.8222222222223,
        "pass_9": 543.3,
        "pass_10": 556.0
    },
    "deepseek-coder-1.3b-instruct_traine_2_1": {
        "pass_1": 285.09999999999997,
        "pass_2": 380.1111111111111,
        "pass_3": 433.2416666666667,
        "pass_4": 468.92857142857144,
        "pass_5": 495.4007936507937,
        "pass_6": 516.1666666666666,
        "pass_7": 532.9916666666667,
        "pass_8": 546.8666666666667,
        "pass_9": 558.4000000000001,
        "pass_10": 568.0
    }
}